old_ic,new_ic
NCI,NCI
NEI,Neuroscience & Brain
NHLBI,Body Systems
NIDCR,Neuroscience & Brain
NIAMS,Body Systems
NIDDK,Body Systems
NIBIB,GMS
NHGRI,GMS
NIGMS,GMS
NCATS,GMS
NLM,GMS
NINDS,Neuroscience & Brain
NIDCD,Child & Women’s Health
NICHD,Child & Women’s Health
NIA,NIA
NIAAA,Behavioral Health
NIDA,Behavioral Health
NIMH,Behavioral Health
NIMHD,Behavioral Health
NINR,Eliminated
NCCIH,Eliminated
FIC,Eliminated
NIEHS,Moved out of NIH
ARPA-H,Moved out of NIH
CIT,Office of the Director
CSR,Office of the Director
NIAID,NIAID
Office of the Director,Office of the Director
